# Рейтинг по капитализации (CoinGecko, 28.09.2026): место, тикер, id — первые 500.
# Каждая монета отсюда обязана быть в календаре разлоков или в списке
# отсеянных с причиной — это проверяет tools/cortex-guard.py.
# Обновлять: пройти рейтинг заново и дописать новые монеты.
1	BTC	bitcoin
2	ETH	ethereum
3	USDT	tether
4	BNB	binancecoin
5	XRP	ripple
6	USDC	usd-coin
7	SOL	solana
8	TRX	tron
9	ZEC	zcash
10	FIGR_HELOC	figure-heloc
11	HYPE	hyperliquid
12	DOGE	dogecoin
13	LINK	chainlink
14	XMR	monero
15	WBT	whitebit
16	USDS	usds
17	ADA	cardano
18	RAIN	rain
19	LEO	leo-token
20	XLM	stellar
21	NEAR	near
22	BCH	bitcoin-cash
23	HBAR	hedera-hashgraph
24	UNI	uniswap
25	LTC	litecoin
26	CC	canton-network
27	USDE	ethena-usde
28	AVAX	avalanche-2
29	SUI	sui
30	GRAM	the-open-network
31	DAI	dai
32	USD1	usd1-wlfi
33	QNT	quant-network
34	TAO	bittensor
35	CRO	crypto-com-chain
36	SHIB	shiba-inu
37	USDG	global-dollar
38	XAUT	tether-gold
39	PYUSD	paypal-usd
40	M	memecore
41	ENA	ethena
42	BTW	bitway
43	ONDO	ondo-finance
44	RLUSD	ripple-usd
45	PUMP	pump-fun
46	OKB	okb
47	USYC	hashnote-usyc
48	BUIDL	blackrock-usd-institutional-digital-liquidity-fund
49	USDY	ondo-us-dollar-yield
50	AAVE	aave
51	MNT	mantle
52	DOT	polkadot
53	ASTER	aster-2
54	SKY	sky
55	WLD	worldcoin-wld
56	WLFI	world-liberty-financial
57	PAXG	pax-gold
58	MORPHO	morpho
59	PEPE	pepe
60	ICP	internet-computer
61	HTX	htx-dao
62	USDD	usdd
63	U	united-stables
64	EURSAFO	spiko-amundi-overnight-swap-fund-eur
65	ETC	ethereum-classic
66	USDGO	usdgo
67	BGB	bitget-token
68	ARB	arbitrum
69	USDF	falcon-finance
70	BFUSD	bfusd
71	VVV	venice-token
72	KAS	kaspa
73	POL	polygon-ecosystem-token
74	ALGO	algorand
75	GT	gatechain-token
76	LIT	lighter
77	JUP	jupiter-exchange-solana
78	JST	just
79	KCS	kucoin-shares
80	PI	pi-network
81	RENDER	render-token
82	BCAP	blockchain-capital
83	ATOM	cosmos
84	FIL	filecoin
85	NEXO	nexo
86	DASH	dash
87	CAKE	pancakeswap-token
88	AERO	aerodrome-finance
89	VET	vechain
90	USTB	superstate-short-duration-us-government-securities-fund-ustb
91	AKE	akedo
92	INJ	injective-protocol
93	EUTBL	eutbl
94	STABLE	stable-2
95	APT	aptos
96	GHO	gho
97	XDC	xdce-crowd-sale
98	ETHFI	ether-fi
99	PYTH	pyth-network
100	FLR	flare-networks
101	PENGU	pudgy-penguins
102	STX	blockstack
103	BDX	beldex
104	JAAA	janus-henderson-anemoy-aaa-clo-fund
105	TRUMP	official-trump
106	USD0	usual-usd
107	ZRO	layerzero
108	VIRTUAL	virtual-protocol
109	SEI	sei-network
110	CRV	curve-dao-token
111	RAY	raydium
112	FET	fetch-ai
113	YLDS	ylds
114	TUSD	true-usd
115	USDTB	usdtb
116	币安人生	bianrensheng
117	A7A5	a7a5
118	NIGHT	midnight-3
119	EURC	euro-coin
120	XPL	plasma
121	TIA	celestia
122	HASH	hash-2
123	PRL	pearl-2
124	PENDLE	pendle
125	PIEVERSE	pieverse
126	GRASS	grass
127	BSV	bitcoin-cash-sv
128	SPX	spx6900
129	FF	falcon-finance-ff
130	DRV	derive
131	LDO	lido-dao
132	BTT	bittorrent
133	UB	unibase
134	PONS	pons
135	MON	monad
136	XTZ	tezos
137	GRT	the-graph
138	KITE	kite-2
139	KAU	kinesis-gold
140	SUN	sun-token
141	JTRSY	janus-henderson-anemoy-treasury-fund
142	SOFID	sofiusd
143	FDUSD	first-digital-usd
144	APXUSD	apxusd
145	GNO	gnosis
146	DCR	decred
147	OUSG	ousg
148	OP	optimism
149	BP	backpack
150	BONK	bonk
151	OHM	olympus
152	STRK	starknet
153	JTO	jito-governance-token
154	LUNC	terra-luna
155	REUSD	re-protocol-reusd
156	SHFL	shuffle-2
157	ENS	ethereum-name-service
158	TIBBIR	ribbita-by-virtuals
159	CFX	conflux-token
160	AR	arweave
161	APEPE	ape-and-pepe
162	BR	bedrock-token
163	FLOKI	floki
164	IOTA	iota
165	JASMY	jasmycoin
166	SYRUP	syrup
167	KMNO	kamino
168	USELESS	useless-3
169	RUNE	thorchain
170	TWT	trust-wallet-token
171	NFT	apenft
172	COMP	compound-governance-token
173	EIGEN	eigenlayer
174	WIF	dogwifcoin
175	2Z	doublezero
176	KAG	kinesis-silver
177	KOGE	bnb48-club-token
178	AI	artificial-inu-3
179	THETA	theta-token
180	AUSD	agora-dollar
181	CRVUSD	crvusd
182	USDAI	usdai
183	FRAX	frax
184	KAIA	kaia
185	USX	usx
186	STONK	stonk-3
187	SAFO	safo
188	PC0000031	tradable-na-rent-financing-platform-sstn
189	ZBCN	zebec-network
190	ZAMA	zama
191	CVX	convex-finance
192	EDGE	edgex
193	AKT	akash-network
194	AXS	axie-infinity
195	XCN	chain-2
196	EURCV	societe-generale-forge-eurcv
197	MINA	mina-protocol
198	USAT	usa
199	MET	meteora
200	CASHCAT	cash-cat
201	NPC	non-playable-coin
202	NEO	neo
203	B	build-on
204	MANA	decentraland
205	BORG	swissborg
206	CARDS	collector-crypt
207	MX	mx-token
208	APYUSD	apyusd
209	FARTCOIN	fartcoin
210	XEC	ecash
211	USTBL	spiko-us-t-bills-money-market-fund
212	VSN	vision-3
213	CHZ	chiliz
214	BTSE	btse-token
215	TRAC	origintrail
216	PC0000033	tradable-apac-diversified-finance-provider-sstn
217	COCO	coco-2
218	A	vaulta
219	RAIL	railgun
220	STRCX	strategy-pp-variable-xstock
221	MARSCOIN	marscoin-4
222	ULTIMA	ultima
223	AIOZ	aioz-network
224	IMX	immutable-x
225	DGAI	dgrid-ai
226	GUSD	gusd
227	GOMINING	gmt-token
228	S	sonic-3
229	SFP	safepal
230	APE	apecoin
231	SENT	sentient
232	SNX	havven
233	1INCH	1inch
234	H	humanity
235	EGLD	elrond-erd-2
236	BAT	basic-attention-token
237	META	meta-2-2
238	JPYC	jpycoin
239	PC0000097	tradable-latam-fintech-sstn
240	ZK	zksync
241	SN51	celium
242	CASH	cash-4
243	SKR	seeker
244	ZEN	zencash
245	SN64	chutes
246	AWE	stp-network
247	JPYSC	jpysc
248	SAND	the-sandbox
249	GLM	golem
250	RLB	rollbit-coin
251	OZO	ozone-chain
252	AVUSD	avant-usd
253	CRCLB	circle-internet-group-bstock
254	GRX	grx-chain
255	SUPER	superfarm
256	ATH	aethir
257	BC	bc-token
258	DBR	debridge
259	牛来	niu-lai
260	FLUID	instadapp
261	GEOD	geodnet
262	PLUME	plume
263	THBILL	theo-short-duration-us-treasury-fund
264	PROM	prometeus
265	PC0000023	tradable-singapore-fintech-ssl-2
266	ALFW	alpha-bulgaria-warrants
267	NXM	nxm
268	DYDX	dydx-chain
269	FORM	four
270	SOON	soon-2
271	USDF	astherus-usdf
272	CHEEMS	cheems-token
273	NOPAL	nest-blackopal-liquidstone-ii-vault
274	GALA	gala
275	SOSO	sosovalue
276	PC0000015	tradable-na-third-party-online-merchant-sstn
277	ONYC	onyc
278	PEAQ	peaq-2
279	BEAM	beam-2
280	FRXUSD	frax-usd
281	QTUM	qtum
282	ZRX	0x
283	Q	quack-ai
284	GENIUS	genius-3
285	RSR	reserve-rights-token
286	STAC	securitize-tokenized-aaa-clo-fund
287	CRCLON	circle-internet-group-ondo-tokenized-stock
288	MELANIA	melania-meme
289	ORCA	orca
290	MSTRX	microstrategy-xstock
291	PC0000085	tradable-latam-middle-market-lender-sstl
292	PC0000077	tradable-singapore-fintech-ssl
293	UUSD	unity-usd
294	BGBTC	bitget-wrapped-btc
295	WEMIX	wemix-token
296	SHX	stronghold-token
297	ACRED	apollo-diversified-credit-securitize-fund
298	ORDI	ordinals
299	DOG	dog-go-to-the-moon-rune
300	ARKM	arkham
301	MAG7.SSI	mag7-ssi
302	HNT	helium
303	LISUSD	helio-protocol-hay
304	GAS	gas
305	ZANO	zano
306	PROS	pharos-network
307	COW	cow-protocol
308	W	wormhole
309	TAG	tagger
310	WAL	walrus-2
311	UNT	unitywallet-token
312	FXUSD	f-x-protocol-fxusd
313	KSM	kusama
314	CHIP	chip-2
315	CAP	cap-4
316	CUSD	cap-usd
317	YFI	yearn-finance
318	VELO	velo
319	DGB	digibyte
320	YZY	yzy
321	KNTQ	kinetiq
322	SAFE	safe
323	RED	redstone-oracles
324	RIF	rif-token
325	EXOD	exod
326	PURR	purr-2
327	ZETA	zetachain
328	US	talus
329	O	o1-exchange
330	LPT	livepeer
331	USDAT	saturn-dollar
332	USD3	3jane-usd3
333	GGBR	goldfish-gold
334	GMX	gmx
335	SPCXB	spacex-bstocks-tokenized-stock
336	BULLA	bulla-3
337	FUN	funfair
338	PGOLD	pleasing-gold
339	KAITO	kaito
340	TFUEL	theta-fuel
341	WM	wrappedm-by-m0
342	NMR	numeraire
343	ONE	cross-2
344	FXSAVE	fx-usd-saving
345	DATA	story-2
346	CRCLX	circle-xstock
347	HOT	holotoken
348	BANANAS31	banana-for-scale-2
349	ADI	adi-token
350	MGLO	midas-fasanara-global-open
351	TRUSD	tori-trusd
352	USDA	usda-3
353	BABYDOGE	baby-doge-coin
354	PC0000101	na-post-settlement-legal-financing-receivables
355	USDSUI	usdsui
356	DOLA	dola-usd
357	LINEA	linea
358	SPK	spark-2
359	CGUSD	cygnus-finance-global-usd
360	PC0000019	tradable-north-america-pos-lender-sstn
361	PC0000023	tradable-na-neobank-sstl
362	FEUSD	felix-feusd
363	APES	apes-2-2
364	MTBILL	midas-mtbill
365	RE	re
366	GAL	project-galaxy
367	KAVA	kava
368	VTHO	vethor-token
369	BERA	berachain-bera
370	SUSHI	sushi
371	LSK	lisk
372	ZIG	zignaly
373	龙虾	lobster-2
374	ORBIO	orbio-so
375	NXPC	nexpace
376	MCAT	marscat-token
377	TURBO	turbo
378	ALLO	allora
379	PRIZE	prize-protocol
380	ARC	ai-rig-complex
381	DIEM	diem
382	IVVON	ishares-core-s-p-500-etf-ondo-tokenized-etf
383	TEMPLE	temple
384	ZIL	zilliqa
385	XPR	proton
386	BSPX	bending-spoons-xstock
387	ANSEM	the-black-bull
388	UAI	unifai-network
389	ESP	espresso
390	TSLAX	tesla-xstock
391	BOME	book-of-meme
392	ROSE	oasis-network
393	XAUM	matrixdock-gold
394	MGLOBAL	midas-fasanara-global
395	GPS	goplus-security
396	ASTR	astar
397	CKB	nervos-network
398	NILA	mindwavedao
399	AXL	axelar
400	ZCAT	anonymous-cat
401	MF-ONE	midas-mf-one
402	DEXE	dexe
403	QUBIC	qubic-network
404	BRLV	crown-brlv
405	PC0000049	tradable-eu-latam-pos-financing-sstl
406	USDON	ondo-u-s-dollar-token
407	ELG	escoin-token
408	SPYX	sp500-xstock
409	METAL	metal-blockchain
410	BAN	comedian
411	ANVL	anvil
412	SECZ	securitize-corp
413	BIO	bio-protocol
414	IO	io
415	ELF	aelf
416	OMI	ecomi
417	SWOP	swop-2
418	NOXO	noxo
419	SN120	affine
420	CTC	creditcoin-2
421	BABY	babylon
422	AB	newton-project
423	T	threshold-network-token
424	MHORSE	meme-horse
425	CFG	centrifuge-2
426	PC	pentagon-chain
427	ENJ	enjincoin
428	MUBARAK	mubarak
429	AZTEC	aztec
430	MERL	merlin-chain
431	ID	space-id
432	MSTRB	strategy-tokenized-bstocks
433	BLUR	blur
434	FT	flying-tulip
435	SN44	score
436	NOCK	nockchain
437	RSC	researchcoin
438	JELLYJELLY	jelly-my-jelly
439	ONT	ontology
440	VBILL	vaneck-treasury-fund
441	BAS	bas
442	PC0000081	tradable-na-legal-receivables-ssl
443	POLYX	polymesh
444	0G	zero-gravity
445	FONQ	fonq
446	CELO	celo
447	AMP	amp-token
448	COAI	chainopera-ai
449	DEEP	deep
450	BRETT	based-brett
451	XVS	venus
452	ALT	altlayer
453	ALCH	alchemist-ai
454	RHEA	rhea-2
455	DUSD	standx-dusd
456	ARRR	pirate-chain
457	SC	siacoin
458	BRZ	brz
459	OZA	ozapay
460	ARX	arcium
461	TRB	tellor
462	QRL	quantum-resistant-ledger
463	PNUT	peanut-the-squirrel
464	BIM	bim-2
465	NEFE	nefe-coin
466	XVG	verge
467	SN53	efficientfrontier
468	FP	frenpet
469	DUSK	dusk-network
470	FLOW	flow
471	ATOS	atoshi
472	UNP	unipoly
473	POPCAT	popcat
474	PHA	pha
475	TOSHI	toshi
476	ACRDX	anemoy-tokenized-apollo-diversified-credit-fund
477	ARIAX	aria-chain
478	FIDD	fidelity-digital-dollar
479	BARD	lombard-protocol
480	PC0016245	na-capital-as-a-service-sstn
481	ACU	acurast
482	HOLO	holoworld
483	GEKKO	gekko
484	BRSRV	blackrock-daily-reinvestment-stablecoin-reserve-vehicle
485	ANKR	ankr
486	XYO	xyo-network
487	NOT	notcoin
488	USDKG	usdkg
489	NEX	nexus-4
490	CCD	concordium
491	RAVE	ravedao
492	HUMA	huma-finance
494	VVS	vvs-finance
